DESKTOP-T1MRV9V,198470,1,2019-09-01 05:39:17.000,0.0,0.0,0.0,495.0,3449.2630,13536.4799,500,0.0,34492630,135364799,0,0,0,0,0,0,0,0,0,0,0,0,,,,,,,,00:00:00.000,,,,,00:00:00.000,0.5,,,00:00:00.000,,0.0,,,,,,,,1,1,1,0,0,0,0,0,0,0,0,0,0,0,0,0,0,0,0,0,0,0.0,0.0,0.0
DESKTOP-T1MRV9V,198470,2,2019-09-01 05:39:18.000,0.0,0.0,0.0,510.0,3449.2630,13536.4799,000,0.0,34492630,135364799,0,0,0,0,0,0,0,0,0,0,0,0,,,,,,,,00:00:00.500,,,,,00:00:00.500,0.5,,,00:00:00.500,,0.0,,,,,,,,0,0,0,0,0,0,0,0,0,0,0,0,0,0,0,0,0,0,0,0,0,0.0,0.0,0.0
DESKTOP-T1MRV9V,198470,3,2019-09-01 05:39:18.000,0.0,0.0,0.0,495.0,3449.2630,13536.4799,500,0.0,34492630,135364799,0,0,0,0,0,0,0,0,0,0,0,0,,,,,,,,00:00:00.500,,,,,00:00:00.500,0.5,,,00:00:00.500,,0.0,,,,,,,,0,0,0,0,0,0,0,0,0,0,0,0,0,0,0,0,0,0,0,0,0,0.0,0.0,0.0
DESKTOP-T1MRV9V,198470,4,2019-09-01 05:39:19.000,0.0,0.0,0.0,495.0,3449.2630,13536.4799,000,0.0,34492630,135364799,0,0,0,0,0,0,0,0,0,0,0,0,,,,,,,,00:00:00.500,,,,,00:00:00.500,0.5,,,00:00:00.500,,0.0,,,,,,,,0,0,0,0,0,0,0,0,0,0,0,0,0,0,0,0,0,0,0,0,0,0.0,0.0,0.0
DESKTOP-T1MRV9V,198470,5,2019-09-01 05:39:19.000,0.0,0.0,0.0,510.0,3449.2630,13536.4799,500,0.0,34492630,135364799,0,0,0,0,0,0,0,0,0,0,0,0,,,,,,,,00:00:00.500,,,,,00:00:00.500,0.5,,,00:00:00.500,,0.0,,,,,,,,0,0,0,0,0,0,0,0,0,0,0,0,0,0,0,0,0,0,0,0,0,0.0,0.0,0.0
DESKTOP-T1MRV9V,198470,6,2019-09-01 05:39:20.000,0.0,0.0,0.0,495.0,3449.2630,13536.4799,000,0.0,34492630,135364799,0,0,0,0,0,0,0,0,0,0,0,0,,,,,,,,00:00:00.500,,,,,00:00:00.500,0.5,,,00:00:00.500,,0.0,,,,,,,,0,0,0,0,0,0,0,0,0,0,0,0,0,0,0,0,0,0,0,0,0,0.0,0.0,0.0
DESKTOP-T1MRV9V,198470,7,2019-09-01 05:39:20.000,0.0,0.0,0.0,495.0,3449.2630,13536.4799,500,0.0,34492630,135364799,0,0,0,0,0,0,0,0,0,0,0,0,,,,,,,,00:00:00.500,,,,,00:00:00.500,0.5,,,00:00:00.500,,0.0,,,,,,,,0,0,0,0,0,0,0,0,0,0,0,0,0,0,0,0,0,0,0,0,0,0.0,0.0,0.0
DESKTOP-T1MRV9V,198470,8,2019-09-01 05:39:21.000,0.0,0.0,0.0,495.0,3449.2630,13536.4799,000,0.0,34492630,135364799,0,0,0,0,0,0,0,0,0,0,0,0,,,,,,,,00:00:00.500,,,,,00:00:00.500,0.5,,,00:00:00.500,,0.0,,,,,,,,0,0,0,0,0,0,0,0,0,0,0,0,0,0,0,0,0,0,0,0,0,0.0,0.0,0.0
DESKTOP-T1MRV9V,198470,9,2019-09-01 05:39:21.000,0.0,0.0,0.0,495.0,3449.2630,13536.4799,500,0.0,34492630,135364799,0,0,0,0,0,0,0,0,0,0,0,0,,,,,,,,00:00:00.500,,,,,00:00:00.500,0.5,,,00:00:00.500,,0.0,,,,,,,,0,0,0,0,0,0,0,0,0,0,0,0,0,0,0,0,0,0,0,0,0,0.0,0.0,0.0
DESKTOP-T1MRV9V,198470,10,2019-09-01 05:39:22.000,0.0,0.0,0.0,495.0,3449.2630,13536.4799,000,0.0,34492630,135364799,0,0,0,0,0,0,0,0,0,0,0,0,,,,,,,,00:00:00.500,,,,,00:00:00.500,0.5,,,00:00:00.500,,0.0,,,,,,,,0,0,0,0,0,0,0,0,0,0,0,0,0,0,0,0,0,0,0,0,0,0.0,0.0,0.0
DESKTOP-T1MRV9V,198470,11,2019-09-01 05:39:22.000,0.0,0.0,0.0,510.0,3449.2630,13536.4799,500,0.0,34492630,135364799,0,0,0,0,0,0,0,0,0,0,0,0,,,,,,,,00:00:00.500,,,,,00:00:00.500,0.5,,,00:00:00.500,,0.0,,,,,,,,0,0,0,0,0,0,0,0,0,0,0,0,0,0,0,0,0,0,0,0,0,0.0,0.0,0.0
DESKTOP-T1MRV9V,198470,12,2019-09-01 05:39:23.000,0.0,0.0,0.0,495.0,3449.2630,13536.4799,000,0.0,34492630,135364799,0,0,0,0,0,0,0,0,0,0,0,0,,,,,,,,00:00:00.500,,,,,00:00:00.500,0.5,,,00:00:00.500,,0.0,,,,,,,,0,0,0,0,0,0,0,0,0,0,0,0,0,0,0,0,0,0,0,0,0,0.0,0.0,0.0
DESKTOP-T1MRV9V,198470,13,2019-09-01 05:39:23.000,0.0,0.0,0.0,495.0,3449.2630,13536.4799,500,0.0,34492630,135364799,0,0,0,0,0,0,0,0,0,0,0,0,,,,,,,,00:00:00.500,,,,,00:00:00.500,0.5,,,00:00:00.500,,0.0,,,,,,,,0,0,0,0,0,0,0,0,0,0,0,0,0,0,0,0,0,0,0,0,0,0.0,0.0,0.0
DESKTOP-T1MRV9V,198470,14,2019-09-01 05:39:24.000,0.0,0.0,0.0,510.0,3449.2630,13536.4799,000,0.0,34492630,135364799,0,0,0,0,0,0,0,0,0,0,0,0,,,,,,,,00:00:00.500,,,,,00:00:00.500,0.5,,,00:00:00.500,,0.0,,,,,,,,0,0,0,0,0,0,0,0,0,0,0,0,0,0,0,0,0,0,0,0,0,0.0,0.0,0.0
DESKTOP-T1MRV9V,198470,15,2019-09-01 05:39:24.000,0.0,0.0,0.0,495.0,3449.2630,13536.4799,500,0.0,34492630,135364799,0,0,0,0,0,0,0,0,0,0,0,0,,,,,,,,00:00:00.500,,,,,00:00:00.500,0.5,,,00:00:00.500,,0.0,,,,,,,,0,0,0,0,0,0,0,0,0,0,0,0,0,0,0,0,0,0,0,0,0,0.0,0.0,0.0
DESKTOP-T1MRV9V,198470,16,2019-09-01 05:39:25.000,0.0,0.0,0.0,495.0,3449.2630,13536.4799,000,0.0,34492630,135364799,0,0,0,0,0,0,0,0,0,0,0,0,,,,,,,,00:00:00.500,,,,,00:00:00.500,0.5,,,00:00:00.500,,0.0,,,,,,,,0,0,0,0,0,0,0,0,0,0,0,0,0,0,0,0,0,0,0,0,0,0.0,0.0,0.0
DESKTOP-T1MRV9V,198470,17,2019-09-01 05:39:25.000,0.0,0.0,0.0,510.0,3449.2630,13536.4799,500,0.0,34492630,135364799,0,0,0,0,0,0,0,0,0,0,0,0,,,,,,,,00:00:00.500,,,,,00:00:00.500,0.5,,,00:00:00.500,,0.0,,,,,,,,0,0,0,0,0,0,0,0,0,0,0,0,0,0,0,0,0,0,0,0,0,0.0,0.0,0.0
DESKTOP-T1MRV9V,198470,18,2019-09-01 05:39:26.000,0.0,0.0,0.0,495.0,3449.2630,13536.4799,000,0.0,34492630,135364799,0,0,0,0,0,0,0,0,0,0,0,0,,,,,,,,00:00:00.500,,,,,00:00:00.500,0.5,,,00:00:00.500,,0.0,,,,,,,,0,0,0,0,0,0,0,0,0,0,0,0,0,0,0,0,0,0,0,0,0,0.0,0.0,0.0
DESKTOP-T1MRV9V,198470,19,2019-09-01 05:39:26.000,0.0,0.0,0.0,495.0,3449.2630,13536.4799,500,0.0,34492630,135364799,0,0,0,0,0,0,0,0,0,0,0,0,,,,,,,,00:00:00.500,,,,,00:00:00.500,0.5,,,00:00:00.500,,0.0,,,,,,,,0,0,0,0,0,0,0,0,0,0,0,0,0,0,0,0,0,0,0,0,0,0.0,0.0,0.0
DESKTOP-T1MRV9V,198470,20,2019-09-01 05:39:27.000,0.0,0.0,0.0,510.0,3449.2630,13536.4799,000,0.0,34492630,135364799,0,0,0,0,0,0,0,0,0,0,0,0,,,,,,,,00:00:00.500,,,,,00:00:00.500,0.5,,,00:00:00.500,,0.0,,,,,,,,0,0,0,0,0,0,0,0,0,0,0,0,0,0,0,0,0,0,0,0,0,0.0,0.0,0.0
DESKTOP-T1MRV9V,198470,21,2019-09-01 05:39:27.000,0.0,0.0,0.0,495.0,3449.2630,13536.4799,500,0.0,34492630,135364799,0,0,0,0,0,0,0,0,0,0,0,0,,,,,,,,00:00:00.500,,,,,00:00:00.500,0.5,,,00:00:00.500,,0.0,,,,,,,,0,0,0,0,0,0,0,0,0,0,0,0,0,0,0,0,0,0,0,0,0,0.0,0.0,0.0
DESKTOP-T1MRV9V,198470,22,2019-09-01 05:39:28.000,0.0,0.0,0.0,495.0,3449.2630,13536.4799,000,0.0,34492630,135364799,0,0,0,0,0,0,0,0,0,0,0,0,,,,,,,,00:00:00.500,,,,,00:00:00.500,0.5,,,00:00:00.500,,0.0,,,,,,,,0,0,0,0,0,0,0,0,0,0,0,0,0,0,0,0,0,0,0,0,0,0.0,0.0,0.0
DESKTOP-T1MRV9V,198470,23,2019-09-01 05:39:28.000,0.0,0.0,0.0,510.0,3449.2630,13536.4799,500,0.0,34492630,135364799,0,0,0,0,0,0,0,0,0,0,0,0,,,,,,,,00:00:00.500,,,,,00:00:00.500,0.5,,,00:00:00.500,,0.0,,,,,,,,0,0,0,0,0,0,0,0,0,0,0,0,0,0,0,0,0,0,0,0,0,0.0,0.0,0.0
DESKTOP-T1MRV9V,198470,24,2019-09-01 05:39:29.000,0.0,0.0,0.0,495.0,3449.2630,13536.4799,000,0.0,34492630,135364799,0,0,0,0,0,0,0,0,0,0,0,0,,,,,,,,00:00:00.500,,,,,00:00:00.500,0.5,,,00:00:00.500,,0.0,,,,,,,,0,0,0,0,0,0,0,0,0,0,0,0,0,0,0,0,0,0,0,0,0,0.0,0.0,0.0
DESKTOP-T1MRV9V,198470,25,2019-09-01 05:39:29.000,0.0,0.0,0.0,495.0,3449.2630,13536.4799,500,0.0,34492630,135364799,0,0,0,0,0,0,0,0,0,0,0,0,,,,,,,,00:00:00.500,,,,,00:00:00.500,0.5,,,00:00:00.500,,0.0,,,,,,,,0,0,0,0,0,0,0,0,0,0,0,0,0,0,0,0,0,0,0,0,0,0.0,0.0,0.0
DESKTOP-T1MRV9V,198470,26,2019-09-01 05:39:30.000,0.0,0.0,0.0,510.0,3449.2630,13536.4799,000,0.0,34492630,135364799,0,0,0,0,0,0,0,0,0,0,0,0,,,,,,,,00:00:00.500,,,,,00:00:00.500,0.5,,,00:00:00.500,,0.0,,,,,,,,0,0,0,0,0,0,0,0,0,0,0,0,0,0,0,0,0,0,0,0,0,0.0,0.0,0.0
DESKTOP-T1MRV9V,198470,27,2019-09-01 05:39:30.000,0.0,0.0,0.0,510.0,3449.2630,13536.4799,500,0.0,34492630,135364799,0,0,0,0,0,0,0,0,0,0,0,0,,,,,,,,00:00:00.500,,,,,00:00:00.500,0.5,,,00:00:00.500,,0.0,,,,,,,,0,0,0,0,0,0,0,0,0,0,0,0,0,0,0,0,0,0,0,0,0,0.0,0.0,0.0
DESKTOP-T1MRV9V,198470,28,2019-09-01 05:39:31.000,0.0,0.0,0.0,495.0,3449.2630,13536.4799,000,0.0,34492630,135364799,0,0,0,0,0,0,0,0,0,0,0,0,,,,,,,,00:00:00.500,,,,,00:00:00.500,0.5,,,00:00:00.500,,0.0,,,,,,,,0,0,0,0,0,0,0,0,0,0,0,0,0,0,0,0,0,0,0,0,0,0.0,0.0,0.0
DESKTOP-T1MRV9V,198470,29,2019-09-01 05:39:31.000,0.0,0.0,0.0,495.0,3449.2630,13536.4799,500,0.0,34492630,135364799,0,0,0,0,0,0,0,0,0,0,0,0,,,,,,,,00:00:00.500,,,,,00:00:00.500,0.5,,,00:00:00.500,,0.0,,,,,,,,0,0,0,0,0,0,0,0,0,0,0,0,0,0,0,0,0,0,0,0,0,0.0,0.0,0.0
DESKTOP-T1MRV9V,198470,30,2019-09-01 05:39:32.000,0.0,0.0,0.0,510.0,3449.2630,13536.4799,000,0.0,34492630,135364799,0,0,0,0,0,0,0,0,0,0,0,0,,,,,,,,00:00:00.500,,,,,00:00:00.500,0.5,,,00:00:00.500,,0.0,,,,,,,,0,0,0,0,0,0,0,0,0,0,0,0,0,0,0,0,0,0,0,0,0,0.0,0.0,0.0
DESKTOP-T1MRV9V,198470,31,2019-09-01 05:39:32.000,0.0,0.0,0.0,495.0,3449.2630,13536.4799,500,0.0,34492630,135364799,0,0,0,0,0,0,0,0,0,0,0,0,,,,,,,,00:00:00.500,,,,,00:00:00.500,0.5,,,00:00:00.500,,0.0,,,,,,,,0,0,0,0,0,0,0,0,0,0,0,0,0,0,0,0,0,0,0,0,0,0.0,0.0,0.0
DESKTOP-T1MRV9V,198470,32,2019-09-01 05:39:33.000,0.0,0.0,0.0,495.0,3449.2630,13536.4799,000,0.0,34492630,135364799,0,0,0,0,0,0,0,0,0,0,0,0,,,,,,,,00:00:00.500,,,,,00:00:00.500,0.5,,,00:00:00.500,,0.0,,,,,,,,0,0,0,0,0,0,0,0,0,0,0,0,0,0,0,0,0,0,0,0,0,0.0,0.0,0.0
DESKTOP-T1MRV9V,198470,33,2019-09-01 05:39:33.000,0.0,0.0,0.0,495.0,3449.2630,13536.4799,500,0.0,34492630,135364799,0,0,0,0,0,0,0,0,0,0,0,0,,,,,,,,00:00:00.500,,,,,00:00:00.500,0.5,,,00:00:00.500,,0.0,,,,,,,,0,0,0,0,0,0,0,0,0,0,0,0,0,0,0,0,0,0,0,0,0,0.0,0.0,0.0
DESKTOP-T1MRV9V,198470,34,2019-09-01 05:39:34.000,0.0,0.0,0.0,510.0,3449.2630,13536.4799,000,0.0,34492630,135364799,0,0,0,0,0,0,0,0,0,0,0,0,,,,,,,,00:00:00.500,,,,,00:00:00.500,0.5,,,00:00:00.500,,0.0,,,,,,,,0,0,0,0,0,0,0,0,0,0,0,0,0,0,0,0,0,0,0,0,0,0.0,0.0,0.0
DESKTOP-T1MRV9V,198470,35,2019-09-01 05:39:34.000,0.0,0.0,0.0,510.0,3449.2630,13536.4799,500,0.0,34492630,135364799,0,0,0,0,0,0,0,0,0,0,0,0,,,,,,,,00:00:00.500,,,,,00:00:00.500,0.5,,,00:00:00.500,,0.0,,,,,,,,0,0,0,0,0,0,0,0,0,0,0,0,0,0,0,0,0,0,0,0,0,0.0,0.0,0.0
DESKTOP-T1MRV9V,198470,36,2019-09-01 05:39:35.000,0.0,0.0,0.0,495.0,3449.2630,13536.4799,000,0.0,34492630,135364799,0,0,0,0,0,0,0,0,0,0,0,0,,,,,,,,00:00:00.500,,,,,00:00:00.500,0.5,,,00:00:00.500,,0.0,,,,,,,,0,0,0,0,0,0,0,0,0,0,0,0,0,0,0,0,0,0,0,0,0,0.0,0.0,0.0
DESKTOP-T1MRV9V,198470,37,2019-09-01 05:39:35.000,0.0,0.0,0.0,495.0,3449.2630,13536.4799,500,0.0,34492630,135364799,0,0,0,0,0,0,0,0,0,0,0,0,,,,,,,,00:00:00.500,,,,,00:00:00.500,0.5,,,00:00:00.500,,0.0,,,,,,,,0,0,0,0,0,0,0,0,0,0,0,0,0,0,0,0,0,0,0,0,0,0.0,0.0,0.0
DESKTOP-T1MRV9V,198470,38,2019-09-01 05:39:36.000,0.0,0.0,0.0,510.0,3449.2630,13536.4799,000,0.0,34492630,135364799,0,0,0,0,0,0,0,0,0,0,0,0,,,,,,,,00:00:00.500,,,,,00:00:00.500,0.5,,,00:00:00.500,,0.0,,,,,,,,0,0,0,0,0,0,0,0,0,0,0,0,0,0,0,0,0,0,0,0,0,0.0,0.0,0.0
DESKTOP-T1MRV9V,198470,39,2019-09-01 05:39:36.000,0.0,0.0,0.0,495.0,3449.2630,13536.4799,500,0.0,34492630,135364799,0,0,0,0,0,0,0,0,0,0,0,0,,,,,,,,00:00:00.500,,,,,00:00:00.500,0.5,,,00:00:00.500,,0.0,,,,,,,,0,0,0,0,0,0,0,0,0,0,0,0,0,0,0,0,0,0,0,0,0,0.0,0.0,0.0
DESKTOP-T1MRV9V,198470,40,2019-09-01 05:39:37.000,0.0,0.0,0.0,510.0,3449.2630,13536.4799,000,0.0,34492630,135364799,0,0,0,0,0,0,0,0,0,0,0,0,,,,,,,,00:00:00.500,,,,,00:00:00.500,0.5,,,00:00:00.500,,0.0,,,,,,,,0,0,0,0,0,0,0,0,0,0,0,0,0,0,0,0,0,0,0,0,0,0.0,0.0,0.0
DESKTOP-T1MRV9V,198470,41,2019-09-01 05:39:37.000,0.0,0.0,0.0,495.0,3449.2630,13536.4799,500,0.0,34492630,135364799,0,0,0,0,0,0,0,0,0,0,0,0,,,,,,,,00:00:00.500,,,,,00:00:00.500,0.5,,,00:00:00.500,,0.0,,,,,,,,0,0,0,0,0,0,0,0,0,0,0,0,0,0,0,0,0,0,0,0,0,0.0,0.0,0.0
DESKTOP-T1MRV9V,198470,42,2019-09-01 05:39:38.000,0.0,0.0,0.0,495.0,3449.2630,13536.4799,000,0.0,34492630,135364799,0,0,0,0,0,0,0,0,0,0,0,0,,,,,,,,00:00:00.500,,,,,00:00:00.500,0.5,,,00:00:00.500,,0.0,,,,,,,,0,0,0,0,0,0,0,0,0,0,0,0,0,0,0,0,0,0,0,0,0,0.0,0.0,0.0
DESKTOP-T1MRV9V,198470,43,2019-09-01 05:39:38.000,0.0,0.0,0.0,510.0,3449.2630,13536.4799,500,0.0,34492630,135364799,0,0,0,0,0,0,0,0,0,0,0,0,,,,,,,,00:00:00.500,,,,,00:00:00.500,0.5,,,00:00:00.500,,0.0,,,,,,,,0,0,0,0,0,0,0,0,0,0,0,0,0,0,0,0,0,0,0,0,0,0.0,0.0,0.0
DESKTOP-T1MRV9V,198470,44,2019-09-01 05:39:39.000,0.0,0.0,0.0,495.0,3449.2630,13536.4799,000,0.0,34492630,135364799,0,0,0,0,0,0,0,0,0,0,0,0,,,,,,,,00:00:00.500,,,,,00:00:00.500,0.5,,,00:00:00.500,,0.0,,,,,,,,0,0,0,0,0,0,0,0,0,0,0,0,0,0,0,0,0,0,0,0,0,0.0,0.0,0.0
DESKTOP-T1MRV9V,198470,45,2019-09-01 05:39:39.000,0.0,0.0,0.0,495.0,3449.2630,13536.4799,500,0.0,34492630,135364799,0,0,0,0,0,0,0,0,0,0,0,0,,,,,,,,00:00:00.500,,,,,00:00:00.500,0.5,,,00:00:00.500,,0.0,,,,,,,,0,0,0,0,0,0,0,0,0,0,0,0,0,0,0,0,0,0,0,0,0,0.0,0.0,0.0
DESKTOP-T1MRV9V,198470,46,2019-09-01 05:39:40.000,0.0,0.0,0.0,510.0,3449.2630,13536.4799,000,0.0,34492630,135364799,0,0,0,0,0,0,0,0,0,0,0,0,,,,,,,,00:00:00.500,,,,,00:00:00.500,0.5,,,00:00:00.500,,0.0,,,,,,,,0,0,0,0,0,0,0,0,0,0,0,0,0,0,0,0,0,0,0,0,0,0.0,0.0,0.0
DESKTOP-T1MRV9V,198470,47,2019-09-01 05:39:40.000,0.0,0.0,0.0,495.0,3449.2630,13536.4799,500,0.0,34492630,135364799,0,0,0,0,0,0,0,0,0,0,0,0,,,,,,,,00:00:00.500,,,,,00:00:00.500,0.5,,,00:00:00.500,,0.0,,,,,,,,0,0,0,0,0,0,0,0,0,0,0,0,0,0,0,0,0,0,0,0,0,0.0,0.0,0.0
DESKTOP-T1MRV9V,198470,48,2019-09-01 05:39:41.000,0.0,0.0,0.0,495.0,3449.2630,13536.4799,000,0.0,34492630,135364799,0,0,0,0,0,0,0,0,0,0,0,0,,,,,,,,00:00:00.500,,,,,00:00:00.500,0.5,,,00:00:00.500,,0.0,,,,,,,,0,0,0,0,0,0,0,0,0,0,0,0,0,0,0,0,0,0,0,0,0,0.0,0.0,0.0
DESKTOP-T1MRV9V,198470,49,2019-09-01 05:39:41.000,0.0,0.0,0.0,510.0,3449.2630,13536.4799,500,0.0,34492630,135364799,0,0,0,0,0,0,0,0,0,0,0,0,,,,,,,,00:00:00.500,,,,,00:00:00.500,0.5,,,00:00:00.500,,0.0,,,,,,,,0,0,0,0,0,0,0,0,0,0,0,0,0,0,0,0,0,0,0,0,0,0.0,0.0,0.0
DESKTOP-T1MRV9V,198470,50,2019-09-01 05:39:42.000,0.0,0.0,0.0,495.0,3449.2630,13536.4799,000,0.0,34492630,135364799,0,0,0,0,0,0,0,0,0,0,0,0,,,,,,,,00:00:00.500,,,,,00:00:00.500,0.5,,,00:00:00.500,,0.0,,,,,,,,0,0,0,0,0,0,0,0,0,0,0,0,0,0,0,0,0,0,0,0,0,0.0,0.0,0.0
DESKTOP-T1MRV9V,198470,51,2019-09-01 05:39:42.000,0.0,0.0,0.0,495.0,3449.2630,13536.4799,500,0.0,34492630,135364799,0,0,0,0,0,0,0,0,0,0,0,0,,,,,,,,00:00:00.500,,,,,00:00:00.500,0.5,,,00:00:00.500,,0.0,,,,,,,,0,0,0,0,0,0,0,0,0,0,0,0,0,0,0,0,0,0,0,0,0,0.0,0.0,0.0
DESKTOP-T1MRV9V,198470,52,2019-09-01 05:39:43.000,0.0,0.0,0.0,495.0,3449.2630,13536.4799,000,0.0,34492630,135364799,0,0,0,0,0,0,0,0,0,0,0,0,,,,,,,,00:00:00.500,,,,,00:00:00.500,0.5,,,00:00:00.500,,0.0,,,,,,,,0,0,0,0,0,0,0,0,0,0,0,0,0,0,0,0,0,0,0,0,0,0.0,0.0,0.0
DESKTOP-T1MRV9V,198470,53,2019-09-01 05:39:43.000,0.0,0.0,0.0,510.0,3449.2630,13536.4799,500,0.0,34492630,135364799,0,0,0,0,0,0,0,0,0,0,0,0,,,,,,,,00:00:00.500,,,,,00:00:00.500,0.5,,,00:00:00.500,,0.0,,,,,,,,0,0,0,0,0,0,0,0,0,0,0,0,0,0,0,0,0,0,0,0,0,0.0,0.0,0.0
DESKTOP-T1MRV9V,198470,54,2019-09-01 05:39:44.000,0.0,0.0,0.0,495.0,3449.2630,13536.4799,000,0.0,34492630,135364799,0,0,0,0,0,0,0,0,0,0,0,0,,,,,,,,00:00:00.500,,,,,00:00:00.500,0.5,,,00:00:00.500,,0.0,,,,,,,,0,0,0,0,0,0,0,0,0,0,0,0,0,0,0,0,0,0,0,0,0,0.0,0.0,0.0
DESKTOP-T1MRV9V,198470,55,2019-09-01 05:39:44.000,0.0,0.0,0.0,495.0,3449.2630,13536.4799,500,0.0,34492630,135364799,0,0,0,0,0,0,0,0,0,0,0,0,,,,,,,,00:00:00.500,,,,,00:00:00.500,0.5,,,00:00:00.500,,0.0,,,,,,,,0,0,0,0,0,0,0,0,0,0,0,0,0,0,0,0,0,0,0,0,0,0.0,0.0,0.0
DESKTOP-T1MRV9V,198470,56,2019-09-01 05:39:45.000,0.0,0.0,0.0,510.0,3449.2630,13536.4799,000,0.0,34492630,135364799,0,0,0,0,0,0,0,0,0,0,0,0,,,,,,,,00:00:00.500,,,,,00:00:00.500,0.5,,,00:00:00.500,,0.0,,,,,,,,0,0,0,0,0,0,0,0,0,0,0,0,0,0,0,0,0,0,0,0,0,0.0,0.0,0.0
DESKTOP-T1MRV9V,198470,57,2019-09-01 05:39:45.000,0.0,0.0,0.0,495.0,3449.2630,13536.4799,500,0.0,34492630,135364799,0,0,0,0,0,0,0,0,0,0,0,0,,,,,,,,00:00:00.500,,,,,00:00:00.500,0.5,,,00:00:00.500,,0.0,,,,,,,,0,0,0,0,0,0,0,0,0,0,0,0,0,0,0,0,0,0,0,0,0,0.0,0.0,0.0
DESKTOP-T1MRV9V,198470,58,2019-09-01 05:39:46.000,0.0,0.0,0.0,495.0,3449.2630,13536.4799,000,0.0,34492630,135364799,0,0,0,0,0,0,0,0,0,0,0,0,,,,,,,,00:00:00.500,,,,,00:00:00.500,0.5,,,00:00:00.500,,0.0,,,,,,,,0,0,0,0,0,0,0,0,0,0,0,0,0,0,0,0,0,0,0,0,0,0.0,0.0,0.0
DESKTOP-T1MRV9V,198470,59,2019-09-01 05:39:46.000,0.0,0.0,0.0,510.0,3449.2630,13536.4799,500,0.0,34492630,135364799,0,0,0,0,0,0,0,0,0,0,0,0,,,,,,,,00:00:00.500,,,,,00:00:00.500,0.5,,,00:00:00.500,,0.0,,,,,,,,0,0,0,0,0,0,0,0,0,0,0,0,0,0,0,0,0,0,0,0,0,0.0,0.0,0.0
DESKTOP-T1MRV9V,198470,60,2019-09-01 05:39:47.000,0.0,0.0,0.0,495.0,3449.2630,13536.4799,000,0.0,34492630,135364799,0,0,0,0,0,0,0,0,0,0,0,0,,,,,,,,00:00:00.500,,,,,00:00:00.500,0.5,,,00:00:00.500,,0.0,,,,,,,,0,0,0,0,0,0,0,0,0,0,0,0,0,0,0,0,0,0,0,0,0,0.0,0.0,0.0
DESKTOP-T1MRV9V,198470,61,2019-09-01 05:39:47.000,0.0,0.0,0.0,495.0,3449.2630,13536.4799,500,0.0,34492630,135364799,0,0,0,0,0,0,0,0,0,0,0,0,,,,,,,,00:00:00.500,,,,,00:00:00.500,0.5,,,00:00:00.500,,0.0,,,,,,,,0,0,0,0,0,0,0,0,0,0,0,0,0,0,0,0,0,0,0,0,0,0.0,0.0,0.0
DESKTOP-T1MRV9V,198470,62,2019-09-01 05:39:48.000,0.0,0.0,0.0,510.0,3449.2630,13536.4799,000,0.0,34492630,135364799,0,0,0,0,0,0,0,0,0,0,0,0,,,,,,,,00:00:00.500,,,,,00:00:00.500,0.5,,,00:00:00.500,,0.0,,,,,,,,0,0,0,0,0,0,0,0,0,0,0,0,0,0,0,0,0,0,0,0,0,0.0,0.0,0.0
DESKTOP-T1MRV9V,198470,63,2019-09-01 05:39:48.000,0.0,0.0,0.0,495.0,3449.2630,13536.4799,500,0.0,34492630,135364799,0,0,0,0,0,0,0,0,0,0,0,0,,,,,,,,00:00:00.500,,,,,00:00:00.500,0.5,,,00:00:00.500,,0.0,,,,,,,,0,0,0,0,0,0,0,0,0,0,0,0,0,0,0,0,0,0,0,0,0,0.0,0.0,0.0
DESKTOP-T1MRV9V,198470,64,2019-09-01 05:39:49.000,0.0,0.0,0.0,495.0,3449.2630,13536.4799,000,0.0,34492630,135364799,0,0,0,0,0,0,0,0,0,0,0,0,,,,,,,,00:00:00.500,,,,,00:00:00.500,0.5,,,00:00:00.500,,0.0,,,,,,,,0,0,0,0,0,0,0,0,0,0,0,0,0,0,0,0,0,0,0,0,0,0.0,0.0,0.0
DESKTOP-T1MRV9V,198470,65,2019-09-01 05:39:49.000,0.0,0.0,0.0,510.0,3449.2630,13536.4799,500,0.0,34492630,135364799,0,0,0,0,0,0,0,0,0,0,0,0,,,,,,,,00:00:00.500,,,,,00:00:00.500,0.5,,,00:00:00.500,,0.0,,,,,,,,0,0,0,0,0,0,0,0,0,0,0,0,0,0,0,0,0,0,0,0,0,0.0,0.0,0.0
DESKTOP-T1MRV9V,198470,66,2019-09-01 05:39:50.000,0.0,0.0,0.0,510.0,3449.2630,13536.4799,000,0.0,34492630,135364799,0,0,0,0,0,0,0,0,0,0,0,0,,,,,,,,00:00:00.500,,,,,00:00:00.500,0.5,,,00:00:00.500,,0.0,,,,,,,,0,0,0,0,0,0,0,0,0,0,0,0,0,0,0,0,0,0,0,0,0,0.0,0.0,0.0
DESKTOP-T1MRV9V,198470,67,2019-09-01 05:39:50.000,0.0,0.0,0.0,495.0,3449.2630,13536.4799,500,0.0,34492630,135364799,0,0,0,0,0,0,0,0,0,0,0,0,,,,,,,,00:00:00.500,,,,,00:00:00.500,0.5,,,00:00:00.500,,0.0,,,,,,,,0,0,0,0,0,0,0,0,0,0,0,0,0,0,0,0,0,0,0,0,0,0.0,0.0,0.0
DESKTOP-T1MRV9V,198470,68,2019-09-01 05:39:51.000,0.0,0.0,0.0,495.0,3449.2630,13536.4799,000,0.0,34492630,135364799,0,0,0,0,0,0,0,0,0,0,0,0,,,,,,,,00:00:00.500,,,,,00:00:00.500,0.5,,,00:00:00.500,,0.0,,,,,,,,0,0,0,0,0,0,0,0,0,0,0,0,0,0,0,0,0,0,0,0,0,0.0,0.0,0.0
DESKTOP-T1MRV9V,198470,69,2019-09-01 05:39:51.000,0.0,0.0,0.0,510.0,3449.2630,13536.4799,500,0.0,34492630,135364799,0,0,0,0,0,0,0,0,0,0,0,0,,,,,,,,00:00:00.500,,,,,00:00:00.500,0.5,,,00:00:00.500,,0.0,,,,,,,,0,0,0,0,0,0,0,0,0,0,0,0,0,0,0,0,0,0,0,0,0,0.0,0.0,0.0
DESKTOP-T1MRV9V,198470,70,2019-09-01 05:39:52.000,0.0,0.0,0.0,495.0,3449.2630,13536.4799,000,0.0,34492630,135364799,0,0,0,0,0,0,0,0,0,0,0,0,,,,,,,,00:00:00.500,,,,,00:00:00.500,0.5,,,00:00:00.500,,0.0,,,,,,,,0,0,0,0,0,0,0,0,0,0,0,0,0,0,0,0,0,0,0,0,0,0.0,0.0,0.0
DESKTOP-T1MRV9V,198470,71,2019-09-01 05:39:52.000,0.0,0.0,0.0,495.0,3449.2630,13536.4799,500,0.0,34492630,135364799,0,0,0,0,0,0,0,0,0,0,0,0,,,,,,,,00:00:00.500,,,,,00:00:00.500,0.5,,,00:00:00.500,,0.0,,,,,,,,0,0,0,0,0,0,0,0,0,0,0,0,0,0,0,0,0,0,0,0,0,0.0,0.0,0.0
DESKTOP-T1MRV9V,198470,72,2019-09-01 05:39:53.000,0.0,0.0,0.0,510.0,3449.2630,13536.4799,000,0.0,34492630,135364799,0,0,0,0,0,0,0,0,0,0,0,0,,,,,,,,00:00:00.500,,,,,00:00:00.500,0.5,,,00:00:00.500,,0.0,,,,,,,,0,0,0,0,0,0,0,0,0,0,0,0,0,0,0,0,0,0,0,0,0,0.0,0.0,0.0
DESKTOP-T1MRV9V,198470,73,2019-09-01 05:39:53.000,0.0,0.0,0.0,495.0,3449.2630,13536.4799,500,0.0,34492630,135364799,0,0,0,0,0,0,0,0,0,0,0,0,,,,,,,,00:00:00.500,,,,,00:00:00.500,0.5,,,00:00:00.500,,0.0,,,,,,,,0,0,0,0,0,0,0,0,0,0,0,0,0,0,0,0,0,0,0,0,0,0.0,0.0,0.0
DESKTOP-T1MRV9V,198470,74,2019-09-01 05:39:54.000,0.0,0.0,0.0,495.0,3449.2630,13536.4799,000,0.0,34492630,135364799,0,0,0,0,0,0,0,0,0,0,0,0,,,,,,,,00:00:00.500,,,,,00:00:00.500,0.5,,,00:00:00.500,,0.0,,,,,,,,0,0,0,0,0,0,0,0,0,0,0,0,0,0,0,0,0,0,0,0,0,0.0,0.0,0.0
DESKTOP-T1MRV9V,198470,75,2019-09-01 05:39:54.000,0.0,0.0,0.0,525.0,3449.2630,13536.4799,500,0.0,34492630,135364799,0,0,0,0,0,0,0,0,0,0,0,0,,,,,,,,00:00:00.500,,,,,00:00:00.500,0.5,,,00:00:00.500,,0.0,,,,,,,,0,0,0,0,0,0,0,0,0,0,0,0,0,0,0,0,0,0,0,0,0,0.0,0.0,0.0
DESKTOP-T1MRV9V,198470,76,2019-09-01 05:39:55.000,0.0,0.0,0.0,540.0,3449.2630,13536.4799,000,0.0,34492630,135364799,0,0,0,0,0,0,0,0,0,0,0,0,,,,,,,,00:00:00.500,,,,,00:00:00.500,0.5,,,00:00:00.500,,0.0,,,,,,,,0,0,0,0,0,0,0,0,0,0,0,0,0,0,0,0,0,0,0,0,0,0.0,0.0,0.0
DESKTOP-T1MRV9V,198470,77,2019-09-01 05:39:55.000,0.0,0.0,0.0,480.0,3449.2630,13536.4799,500,0.0,34492630,135364799,0,0,0,0,0,0,0,0,0,0,0,0,,,,,,,,00:00:00.500,,,,,00:00:00.500,0.5,,,00:00:00.500,,0.0,,,,,,,,0,0,0,0,0,0,0,0,0,0,0,0,0,0,0,0,0,0,0,0,0,0.0,0.0,0.0
DESKTOP-T1MRV9V,198470,78,2019-09-01 05:39:56.000,0.0,0.0,0.0,360.0,3449.2630,13536.4799,000,0.0,34492630,135364799,0,0,0,0,0,0,0,0,0,0,0,0,,,,,,,,00:00:00.500,,,,,00:00:00.500,0.5,,,00:00:00.500,,0.0,,,,,,,,0,0,0,0,0,0,0,0,0,0,0,0,0,0,0,0,0,0,0,0,0,0.0,0.0,0.0
DESKTOP-T1MRV9V,198470,79,2019-09-01 05:39:56.000,0.0,0.0,0.0,225.0,3449.2630,13536.4799,500,0.0,34492630,135364799,0,0,0,0,0,0,0,0,0,0,0,0,,,,,,,,00:00:00.500,,,,,00:00:00.500,0.5,,,00:00:00.500,,0.0,,,,,,,,0,0,0,0,0,0,0,0,0,0,0,0,0,0,0,0,0,0,0,0,0,0.0,0.0,0.0
DESKTOP-T1MRV9V,198470,80,2019-09-01 05:39:57.000,0.0,0.0,0.0,105.0,3449.2630,13536.4799,000,0.0,34492630,135364799,0,0,0,0,0,0,0,0,0,0,0,0,,,,,,,,00:00:00.500,,,,,00:00:00.500,0.5,,,00:00:00.500,,0.0,,,,,,,,0,0,0,0,0,0,0,0,0,0,0,0,0,0,0,0,0,0,0,0,0,0.0,0.0,0.0
DESKTOP-T1MRV9V,198470,81,2019-09-01 05:39:57.000,0.0,0.0,0.0,105.0,3449.2630,13536.4799,500,0.0,34492630,135364799,0,0,0,0,0,0,0,0,0,0,0,0,,,,,,,,00:00:00.500,,,,,00:00:00.500,0.5,,,00:00:00.500,,0.0,,,,,,,,0,0,0,0,0,0,0,0,0,0,0,0,0,0,0,0,0,0,0,0,0,0.0,0.0,0.0
DESKTOP-T1MRV9V,198470,82,2019-09-01 05:39:58.000,0.0,0.0,0.0,30.0,3449.2630,13536.4799,000,0.0,34492630,135364799,0,0,0,0,0,0,0,0,0,0,0,0,,,,,,,,00:00:00.500,,,,,00:00:00.500,0.5,,,00:00:00.500,,0.0,,,,,,,,0,0,0,0,0,0,0,0,0,0,0,0,0,0,0,0,0,0,0,0,0,0.0,0.0,0.0
DESKTOP-T1MRV9V,198470,83,2019-09-01 05:39:58.000,0.0,0.0,0.0,15.0,3449.2630,13536.4799,500,0.0,34492630,135364799,0,0,0,0,0,0,0,0,0,0,0,0,,,,,,,,00:00:00.500,,,,,00:00:00.500,0.5,,,00:00:00.500,,0.0,,,,,,,,0,0,0,0,0,0,0,0,0,0,0,0,0,0,0,0,0,0,0,0,0,0.0,0.0,0.0
DESKTOP-T1MRV9V,198470,84,2019-09-01 05:39:59.000,0.0,0.0,0.0,15.0,3449.2630,13536.4799,000,0.0,34492630,135364799,0,0,0,0,0,0,0,0,0,0,0,0,,,,,,,,00:00:00.500,,,,,00:00:00.500,0.5,,,00:00:00.500,,0.0,,,,,,,,0,0,0,0,0,0,0,0,0,0,0,0,0,0,0,0,0,0,0,0,0,0.0,0.0,0.0
DESKTOP-T1MRV9V,198470,85,2019-09-01 05:39:59.000,0.0,0.0,0.0,30.0,3449.2630,13536.4799,500,0.0,34492630,135364799,0,0,0,0,0,0,0,0,0,0,0,0,,,,,,,,00:00:00.500,,,,,00:00:00.500,0.5,,,00:00:00.500,,0.0,,,,,,,,0,0,0,0,0,0,0,0,0,0,0,0,0,0,0,0,0,0,0,0,0,0.0,0.0,0.0
DESKTOP-T1MRV9V,198470,86,2019-09-01 05:40:00.000,0.0,0.0,0.0,15.0,3449.2630,13536.4799,000,0.0,34492630,135364799,0,0,0,0,0,0,0,0,0,0,0,0,,,,,,,,00:00:00.500,,,,,00:00:00.500,0.5,,,00:00:00.500,,0.0,,,,,,,,0,0,0,0,0,0,0,0,0,0,0,0,0,0,0,0,0,0,0,0,0,0.0,0.0,0.0
DESKTOP-T1MRV9V,198470,87,2019-09-01 05:40:00.000,0.0,0.0,0.0,15.0,3449.2630,13536.4799,500,0.0,34492630,135364799,0,0,0,0,0,0,0,0,0,0,0,0,,,,,,,,00:00:00.500,,,,,00:00:00.500,0.5,,,00:00:00.500,,0.0,,,,,,,,0,0,0,0,0,0,0,0,0,0,0,0,0,0,0,0,0,0,0,0,0,0.0,0.0,0.0
DESKTOP-T1MRV9V,198470,88,2019-09-01 05:40:01.000,0.0,0.0,0.0,30.0,3449.2630,13536.4799,000,0.0,34492630,135364799,0,0,0,0,0,0,0,0,0,0,0,0,,,,,,,,00:00:00.500,,,,,00:00:00.500,0.5,,,00:00:00.500,,0.0,,,,,,,,0,0,0,0,0,0,0,0,0,0,0,0,0,0,0,0,0,0,0,0,0,0.0,0.0,0.0
DESKTOP-T1MRV9V,198470,89,2019-09-01 05:40:01.000,0.0,0.0,0.0,30.0,3449.2630,13536.4799,500,0.0,34492630,135364799,0,0,0,0,0,0,0,0,0,0,0,0,,,,,,,,00:00:00.500,,,,,00:00:00.500,0.5,,,00:00:00.500,,0.0,,,,,,,,0,0,0,0,0,0,0,0,0,0,0,0,0,0,0,0,0,0,0,0,0,0.0,0.0,0.0
DESKTOP-T1MRV9V,198470,90,2019-09-01 05:40:02.000,0.0,0.0,0.0,45.0,3449.2630,13536.4799,000,0.0,34492630,135364799,0,0,0,0,0,0,0,0,0,0,0,0,,,,,,,,00:00:00.500,,,,,00:00:00.500,0.5,,,00:00:00.500,,0.0,,,,,,,,0,0,0,0,0,0,0,0,0,0,0,0,0,0,0,0,0,0,0,0,0,0.0,0.0,0.0
DESKTOP-T1MRV9V,198470,91,2019-09-01 05:40:02.000,0.0,0.0,0.0,30.0,3449.2630,13536.4799,500,0.0,34492630,135364799,0,0,0,0,0,0,0,0,0,0,0,0,,,,,,,,00:00:00.500,,,,,00:00:00.500,0.5,,,00:00:00.500,,0.0,,,,,,,,0,0,0,0,0,0,0,0,0,0,0,0,0,0,0,0,0,0,0,0,0,0.0,0.0,0.0
DESKTOP-T1MRV9V,198470,92,2019-09-01 05:40:03.000,0.0,0.0,0.0,0.0,3449.2630,13536.4799,000,0.0,34492630,135364799,0,0,0,0,0,0,0,0,0,0,0,0,,,,,,,,00:00:00.500,,,,,00:00:00.500,0.0,,,00:00:00.500,,0.0,,,,,,,,0,0,0,0,0,0,0,0,0,0,0,0,0,0,0,0,0,0,0,0,0,0.0,0.0,0.0
DESKTOP-T1MRV9V,198470,93,2019-09-01 05:40:03.000,0.0,0.0,0.0,0.0,3449.2630,13536.4799,500,0.0,34492630,135364799,0,0,0,0,0,0,0,0,0,0,0,0,,,,,,,,00:00:00.500,,,,,00:00:00.500,0.0,,,00:00:00.500,,0.0,,,,,,,,0,0,0,0,0,0,0,0,0,0,0,0,0,0,0,0,0,0,0,0,0,0.0,0.0,0.0
DESKTOP-T1MRV9V,198470,94,2019-09-01 05:40:04.000,0.0,0.0,0.0,0.0,3449.2630,13536.4799,000,0.0,34492630,135364799,0,0,0,0,0,0,0,0,0,0,0,0,,,,,,,,00:00:00.500,,,,,00:00:00.500,0.0,,,00:00:00.500,,0.0,,,,,,,,0,0,0,0,0,0,0,0,0,0,0,0,0,0,0,0,0,0,0,0,0,0.0,0.0,0.0
DESKTOP-T1MRV9V,198470,95,2019-09-01 05:40:04.000,0.0,0.0,0.0,0.0,3449.2630,13536.4799,500,0.0,34492630,135364799,0,0,0,0,0,0,0,0,0,0,0,0,,,,,,,,00:00:00.500,,,,,00:00:00.500,0.0,,,00:00:00.500,,0.0,,,,,,,,0,0,0,0,0,0,0,0,0,0,0,0,0,0,0,0,0,0,0,0,0,0.0,0.0,0.0
DESKTOP-T1MRV9V,198470,96,2019-09-01 05:40:05.000,0.0,0.0,0.0,0.0,3449.2630,13536.4799,000,0.0,34492630,135364799,0,0,0,0,0,0,0,0,0,0,0,0,,,,,,,,00:00:00.500,,,,,00:00:00.500,0.0,,,00:00:00.500,,0.0,,,,,,,,0,0,0,0,0,0,0,0,0,0,0,0,0,0,0,0,0,0,0,0,0,0.0,0.0,0.0
DESKTOP-T1MRV9V,198470,97,2019-09-01 05:40:05.000,0.0,0.0,0.0,0.0,3449.2630,13536.4799,500,0.0,34492630,135364799,0,0,0,0,0,0,0,0,0,0,0,0,,,,,,,,00:00:00.500,,,,,00:00:00.500,0.0,,,00:00:00.500,,0.0,,,,,,,,0,0,0,0,0,0,0,0,0,0,0,0,0,0,0,0,0,0,0,0,0,0.0,0.0,0.0
DESKTOP-T1MRV9V,198470,98,2019-09-01 05:40:06.000,0.0,0.0,0.0,0.0,3449.2630,13536.4799,000,0.0,34492630,135364799,0,0,0,0,0,0,0,0,0,0,0,0,,,,,,,,00:00:00.500,,,,,00:00:00.500,0.0,,,00:00:00.500,,0.0,,,,,,,,0,0,0,0,0,0,0,0,0,0,0,0,0,0,0,0,0,0,0,0,0,0.0,0.0,0.0
DESKTOP-T1MRV9V,198470,99,2019-09-01 05:40:06.000,0.0,0.0,0.0,0.0,3449.2630,13536.4799,500,0.0,34492630,135364799,0,0,0,0,0,0,0,0,0,0,0,0,,,,,,,,00:00:00.500,,,,,00:00:00.500,0.0,,,00:00:00.500,,0.0,,,,,,,,0,0,0,0,0,0,0,0,0,0,0,0,0,0,0,0,0,0,0,0,0,0.0,0.0,0.0
DESKTOP-T1MRV9V,198470,100,2019-09-01 05:40:07.000,0.0,0.0,0.0,0.0,3449.2630,13536.4799,000,0.0,34492630,135364799,0,0,0,0,0,0,0,0,0,0,0,0,,,,,,,,00:00:00.500,,,,,00:00:00.500,0.0,,,00:00:00.500,,0.0,,,,,,,,0,0,0,0,0,0,0,0,0,0,0,0,0,0,0,0,0,0,0,0,0,0.0,0.0,0.0
